player_id,auction_name,cricsheet_name
p0001,CM Gautam,CM Gautam
p0002,Vijay Zol,VH Zol
p0003,Arshad Khan,Arshad Khan
p0004,Swapnil Singh,Swapnil Singh
p0005,Amit Mishra,A Mishra
p0006,Himmat Singh,Himmat Singh
p0007,Devdutt Padikkal,D Padikkal
p0008,Baba Indrajith,B Indrajith
p0009,Abhishek Sharma,Abhishek Sharma
p0010,Romario Shepherd,R Shepherd
p0011,Mohit Sharma,MM Sharma
p0012,Harshal Patel,HV Patel
p0013,Mohammed Siraj,Mohammed Siraj
p0014,Navdeep Saini,Navdeep Saini
p0015,Sunil Narine,SP Narine
p0016,Kumar Kushagra,Kumar Kushagra
p0017,Shrikant Mundhe,SS Mundhe
p0018,Mayank Markande,M Markande
p0019,Abhishek Nayar,AM Nayar
p0020,Mustafizur Rahman,Mustafizur Rahman
p0021,Manpreet Gony,MS Gony
p0022,Manan Vohra,M Vohra
p0023,Murali Vijay,M Vijay
p0024,Isuru Udana,I Udana
p0025,Ambati Rayudu,AT Rayudu
p0026,Eklavya Dwivedi,ER Dwivedi
p0027,Oshane Thomas,O Thomas
p0028,Paras Dogra,P Dogra
p0029,Ishant Sharma,I Sharma
p0030,Clint McKay,CJ McKay
p0031,Akshar Patel,AR Patel
p0032,Robin Uthappa,RV Uthappa
p0033,Karun Nair,KK Nair
p0034,Suyash Prabhudessai,SS Prabhudessai
p0035,Harry Gurney,HF Gurney
p0036,Kamlesh Nagarkoti,KL Nagarkoti
p0037,Dhawal Kulkarni,DS Kulkarni
p0038,Ryan McLaren,R McLaren
p0039,Zeeshan Ansari,Zeeshan Ansari
p0040,Akash Madhwal,Akash Madhwal
p0041,Tilak Varma,Tilak Varma
p0042,Siddhesh Lad,SD Lad
p0043,Aditya Tare,AP Tare
p0044,Manprit Juneja,MC Juneja
p0045,Tom Curran,TK Curran
p0046,KC Cariappa,KC Cariappa
p0047,Akash Deep,Akash Deep
p0048,Pawan Negi,P Negi
p0049,Mitchell McClenaghan,MJ McClenaghan
p0050,Ranganath Vinay Kumar,R Vinay Kumar
p0051,Shivam Mavi,Shivam Mavi
p0052,Eshan Malinga,E Malinga
p0053,John Hastings,JW Hastings
p0054,Ashok Sharma,Ashok Sharma
p0055,James Neesham,JDS Neesham
p0056,Quinton de Kock,Q de Kock
p0057,Hrithik Shokeen,HR Shokeen
p0058,Ben Hilfenhaus,BW Hilfenhaus
p0059,Jacob Bethell,JG Bethell
p0060,Jason Behrendorff,JP Behrendorff
p0061,Arshin Kulkarni,AA Kulkarni
p0062,Washington Sundar,Washington Sundar
p0063,Kyle Mayers,KR Mayers
p0064,Prasanth Parameswaran,P Parameswaran
p0065,Aaron Finch,AJ Finch
p0066,Sarfaraz Khan,SN Khan
p0067,Phil Salt,PD Salt
p0068,Sandeep Sharma,Sandeep Sharma
p0069,Pradeep Sangwan,PJ Sangwan
p0070,Shakib al Hasan,Shakib Al Hasan
p0071,Prashant Chopra,P Chopra
p0072,Johan Botha,J Botha
p0073,Vivrant Sharma,Vivrant Sharma
p0074,Manoj Bhandage,MS Bhandage
p0075,Ricky Bhui,RK Bhui
p0076,Shivam Sharma,Shivam Sharma
p0077,Jaydev Unadkat,JD Unadkat
p0078,Michael Hussey,MEK Hussey
p0079,Obed McCoy,OC McCoy
p0080,Nathu Singh,NB Singh
p0081,Chris Jordan,CJ Jordan
p0082,Rashid Khan,Rashid Khan
p0083,Khaleel Ahmed,KK Ahmed
p0084,Gerald Coetzee,G Coetzee
p0085,D'Arcy Short,DJM Short
p0086,Dewald Brevis,D Brevis
p0087,Kuldeep Sen,KR Sen
p0088,Lakshmipathy Balaji,L Balaji
p0089,Himanshu Sharma,H Sharma
p0090,Devon Conway,DP Conway
p0091,Pragyan Ojha,PP Ojha
p0092,Srikkanth Anirudha,S Anirudha
p0093,Gurnoor Brar,Gurnoor Brar
p0094,Jacob Oram,JDP Oram
p0095,Sheldon Cottrell,SS Cottrell
p0096,Rajat Bhatia,R Bhatia
p0097,Ramakrishna Ghosh,RS Ghosh
p0098,Jaskaran Singh,Jaskaran Singh
p0099,Kevin Pietersen,KP Pietersen
p0100,Rahul Chahar,RD Chahar
p0101,Manish Pandey,MK Pandey
p0102,Lockie Ferguson,LH Ferguson
p0103,Basil Thampi,Basil Thampi
p0104,Marchant de Lange,M de Lange
p0105,Nitish Rana,N Rana
p0106,Vijay Shankar,V Shankar
p0107,Eoin Morgan,EJG Morgan
p0108,Sudeep Tyagi,S Tyagi
p0109,David Miller,DA Miller
p0110,Angkrish Raghuvanshi,A Raghuvanshi
p0111,Dishant Yagnik,DH Yagnik
p0112,Virender Sehwag,V Sehwag
p0113,Subramaniam Badrinath,S Badrinath
p0114,Ben Laughlin,B Laughlin
p0115,Vikramjeet Malik,VS Malik
p0116,Tripurana Vijay,T Vijay
p0117,Naman Ojha,NV Ojha
p0118,Mitchell Santner,MJ Santner
p0119,Sherfane Rutherford,SE Rutherford
p0120,Mukesh Choudhary,Mukesh Choudhary
p0121,Madhav Tiwari,M Tiwari
p0122,Mohammad Shami,Mohammed Shami
p0123,Dwaine Pretorius,D Pretorius
p0124,Keemo Paul,KMA Paul
p0125,Noor Ahmad,Noor Ahmad
p0126,Kuldeep Yadav,Kuldeep Yadav
p0127,Avesh Khan,Avesh Khan
p0128,Sikandar Raza,Sikandar Raza
p0129,Nitish Kumar Reddy,Nithish Kumar Reddy
p0130,Yogesh Takawale,YV Takawale
p0131,Rishabh Pant,RR Pant
p0132,Rasikh Salam,Rasikh Salam
p0133,Fazalhaq Farooqi,Fazalhaq Farooqi
p0134,Daniel Sams,DR Sams
p0135,Patrick Cummins,PJ Cummins
p0136,AM Ghazanfar,AM Ghazanfar
p0137,Lizaad Williams,LB Williams
p0138,Vishnu Vinod,Vishnu Vinod
p0139,Josh Little,J Little
p0140,Ravi Bopara,RS Bopara
p0141,Venkatesh Iyer,VR Iyer
p0142,Joe Root,JE Root
p0143,Mohit Rathee,Mohit Rathee
p0144,Abhimanyu Mithun,A Mithun
p0145,Peter Handscomb,PSP Handscomb
p0146,George Bailey,GJ Bailey
p0147,Angelo Mathews,AD Mathews
p0148,Barinder Sran,BB Sran
p0149,Jason Roy,JJ Roy
p0150,Akash Singh,Akash Singh
p0151,Yashasvi Jaiswal,YBK Jaiswal
p0152,Scott Boland,SM Boland
p0153,Jason Holder,JO Holder
p0154,Ravi Bishnoi,Ravi Bishnoi
p0155,Siddharth Kaul,S Kaul
p0156,Darshan Nalkande,DG Nalkande
p0157,Ruturaj Gaikwad,RD Gaikwad
p0158,K. S. Bharat,KS Bharat
p0159,Matthew Breetzke,MP Breetzke
p0160,Axar Patel,AR Patel
p0161,Dhruv Shorey,DR Shorey
p0162,Yusuf Pathan,YK Pathan
p0163,Chris Gayle,CH Gayle
p0164,Manan Sharma,MM Sharma
p0165,Corey Anderson,CJ Anderson
p0166,Pravin Dubey,P Dubey
p0167,Urvil Patel,Urvil Patel
p0168,Nathan McCullum,NL McCullum
p0169,Billy Stanlake,B Stanlake
p0170,Akshdeep Nath,AD Nath
p0171,Liam Livingstone,LS Livingstone
p0172,Yudhvir Singh,Yudhvir Singh
p0173,Ravichandran Ashwin,R Ashwin
p0174,Odean Smith,OF Smith
p0175,Pat Cummins,PJ Cummins
p0176,Simarjeet Singh,Simarjeet Singh
p0177,Ryan Ten Doeschate,RN ten Doeschate
p0178,Naveen-ul-Haq,Naveen-ul-Haq
p0179,Anukul Roy,AS Roy
p0180,Alzarri Joseph,AS Joseph
p0181,Shivam Singh,Shivam Singh
p0182,Akila Dananjaya,A Dananjaya
p0183,K. C. Cariappa,KC Cariappa
p0184,Unmukt Chand,UBT Chand
p0185,Kumar Kartikeya,K Kartikeya
p0186,Nathan Coulter-Nile,NM Coulter-Nile
p0187,Virat Singh,Virat Singh
p0188,Kona Srikar Bharat,KS Bharat
p0189,Tushar Deshpande,TU Deshpande
p0190,Shreyas Gopal,S Gopal
p0191,Deepak Chahar,DL Chahar
p0192,Shubman Gill,Shubman Gill
p0193,Musheer Khan,Musheer Khan
p0194,Travis Head,TM Head
p0195,R Sai Kishore,R Sai Kishore
p0196,Josh Hazlewood,JR Hazlewood
p0197,Suryansh Shedge,Suryansh Shedge
p0198,Evin Lewis,E Lewis
p0199,Lungi Ngidi,L Ngidi
p0200,Dwayne Smith,DR Smith
p0201,Bhuvneshwar Kumar,B Kumar
p0202,Shakib Al Hasan,Shakib Al Hasan
p0203,Kwena Maphaka,KT Maphaka
p0204,Karanveer Singh,Karanveer Singh
p0205,Colin Munro,C Munro
p0206,Moises Henriques,MC Henriques
p0207,Sachin Baby,Sachin Baby
p0208,Wriddhiman Saha,WP Saha
p0209,Ankit Sharma,Ankit Sharma
p0210,Harry Brook,HC Brook
p0211,Josh Philippe,JR Philippe
p0212,Aiden Markram,AK Markram
p0213,Manvinder Bisla,MS Bisla
p0214,R. Sanjay Yadav,R Sanjay Yadav
p0215,Donovan Ferreira,D Ferreira
p0216,David Willey,DJ Willey
p0217,Imran Tahir,Imran Tahir
p0218,Anureet Singh,Anureet Singh
p0219,Hardik Pandya,HH Pandya
p0220,R Sanjay Yadav,R Sanjay Yadav
p0221,M Siddharth,M Siddharth
p0222,Ramandeep Singh,Ramandeep Singh
p0223,Jofra Archer,JC Archer
p0224,Moisés Henriques,MC Henriques
p0225,Heinrich Klaasen,H Klaasen
p0226,Tim David,TH David
p0227,Sonu Yadav,SA Yadav
p0228,Mitchell Starc,MA Starc
p0229,Chris Lynn,CA Lynn
p0230,Krishmar Santokie,K Santokie
p0231,Rajvardhan Hangargekar,RS Hangargekar
p0232,Yash Thakur,Yash Thakur
p0233,Rahul Shukla,R Shukla
p0234,Shaun Marsh,SE Marsh
p0235,Kyle Jamieson,KA Jamieson
p0236,Cheteshwar Pujara,CA Pujara
p0237,Ishank Jaggi,IR Jaggi
p0238,Mayank Yadav,MP Yadav
p0239,Shams Mulani,SZ Mulani
p0240,Kieron Pollard,KA Pollard
p0241,Amit Paunikar,AG Paunikar
p0242,Glenn Maxwell,GJ Maxwell
p0243,Jagadeesha Suchith,J Suchith
p0244,Siddarth Kaul,S Kaul
p0245,M Ashwin,M Ashwin
p0246,Shimron Hetmyer,SO Hetmyer
p0247,Vijaykumar Vyshak,Vijaykumar Vyshak
p0248,Dale Steyn,DW Steyn
p0249,Riley Meredith,RP Meredith
p0250,Litton Das,Liton Das
p0251,Glenn Phillips,GD Phillips
p0252,Ripal Patel,RV Patel
p0253,Aniket Verma,Aniket Verma
p0254,Rajagopal Sathish,R Sathish
p0255,Mitchell Johnson,MG Johnson
p0256,N Jagadeesan,N Jagadeesan
p0257,Parvez Rasool,Parvez Rasool
p0258,Aiden Blizzard,AC Blizzard
p0259,Mandeep Singh,Mandeep Singh
p0260,Harbhajan Singh,Harbhajan Singh
p0261,Marcus Stoinis,MP Stoinis
p0262,Suryakumar Yadav,SA Yadav
p0263,Luke Pomersbach,LA Pomersbach
p0264,Shubham Agarwal,SS Agarwal
p0265,M Shahrukh Khan,M Shahrukh Khan
p0266,Kartik Tyagi,Kartik Tyagi
p0267,Kulwant Khejroliya,K Khejroliya
p0268,Matheesha Pathirana,M Pathirana
p0269,Prithvi Shaw,PP Shaw
p0270,Matthew Wade,MS Wade
p0271,Yash Dayal,Yash Dayal
p0272,Iqbal Abdulla,Iqbal Abdulla
p0273,Marco Jansen,M Jansen
p0274,Ayush Badoni,A Badoni
p0275,Lungisani Ngidi,L Ngidi
p0276,Abishek Porel,Abishek Porel
p0277,Sanvir Singh,Sanvir Singh
p0278,Ashton Turner,AJ Turner
p0279,Mohammed Shami,Mohammed Shami
p0280,Matt Henry,MJ Henry
p0281,Brad Hodge,BJ Hodge
p0282,Abdul Samad,Abdul Samad
p0283,Tom Banton,T Banton
p0284,Sam Curran,SM Curran
p0285,Upendra Yadav,UT Yadav
p0286,Rovman Powell,R Powell
p0287,Gurinder Sandhu,GS Sandhu
p0288,Atharva Taide,Atharva Taide
p0289,Nic Maddinson,NJ Maddinson
p0290,Brendon McCullum,BB McCullum
p0291,Shreyas Iyer,SS Iyer
p0292,Tim Seifert,TL Seifert
p0293,Shardul Thakur,SN Thakur
p0294,Vidwath Kaverappa,V Kaverappa
p0295,Narayan Jagadeesan,N Jagadeesan
p0296,Ishan Kishan,Ishan Kishan
p0297,Rahul Tewatia,R Tewatia
p0298,Ashish Reddy,A Ashish Reddy
p0299,Adil Rashid,AU Rashid
p0300,Harpreet Brar,Harpreet Brar
p0301,Xavier Bartlett,XC Bartlett
p0302,Reece Topley,RJW Topley
p0303,Robin Minz,R Minz
p0304,Wayne Parnell,WD Parnell
p0305,Farhaan Behardien,F Behardien
p0306,Gurkeerat Singh,Gurkeerat Singh
p0307,Jos Buttler,JC Buttler
p0308,Ben Dunk,BR Dunk
p0309,Samuel Badree,S Badree
p0310,Prayas Ray Barman,P Ray Barman
p0311,Steve Smith,SPD Smith
p0312,Jalaj Saxena,Jalaj S Saxena
p0313,Anuj Rawat,Anuj Rawat
p0314,Yuzvendra Chahal,YS Chahal
p0315,Jacques Kallis,JH Kallis
p0316,Kevon Cooper,KK Cooper
p0317,Sanju Samson,SV Samson
p0318,MS Dhoni,MS Dhoni
p0319,Praveen Dubey,P Dubey
p0320,Ashok Dinda,AB Dinda
p0321,Ravisrinivasan Sai Kishore,R Sai Kishore
p0322,Colin Ingram,CA Ingram
p0323,Jatin Saxena,Jalaj S Saxena
p0324,Sumit Narwal,S Narwal
p0325,Ricky Ponting,RT Ponting
p0326,Martin Guptill,MJ Guptill
p0327,Shamar Joseph,S Joseph
p0328,Daniel Christian,DT Christian
p0329,Mithun Manhas,M Manhas
p0330,Ravi Rampaul,R Rampaul
p0331,Jamie Overton,J Overton
p0332,Stuart Binny,STR Binny
p0333,Raj Angad Bawa,RA Bawa
p0334,Adam Zampa,A Zampa
p0335,Sam Billings,SW Billings
p0336,Maheesh Theekshana,M Theekshana
p0337,Mohammad Nabi,Mohammad Nabi
p0338,Vipraj Nigam,V Nigam
p0339,Jesse Ryder,JD Ryder
p0340,Carlos Brathwaite,CR Brathwaite
p0341,Rajan Kumar,R Vinay Kumar
p0342,Ishan Porel,IC Porel
p0343,Pawan Suyal,P Suyal
p0344,Ishwar Pandey,IC Pandey
p0345,Shivil Kaushik,S Kaushik
p0346,K Gowtham,K Gowtham
p0347,Harshit Rana,Harshit Rana
p0348,Sanjay Yadav,SA Yadav
p0349,Rilee Rossouw,RR Rossouw
p0350,Arjun Tendulkar,Arjun Tendulkar
p0351,Krishnappa Gowtham,K Gowtham
p0352,Priyam Garg,PK Garg
p0353,Fidel Edwards,FH Edwards
p0354,Dhruv Jurel,Dhruv Jurel
p0355,Muttiah Muralitharan,M Muralitharan
p0356,Ravindra Jadeja,RA Jadeja
p0357,Shashank Singh,Shashank Singh
p0358,Padmanabhan Prasanth,P Prasanth
p0359,Mayank Dagar,Mayank Dagar
p0360,Chetan Sakariya,C Sakariya
p0361,T Natarajan,T Natarajan
p0362,Faf du Plessis,F du Plessis
p0363,Kedar Jadhav,KM Jadhav
p0364,Suyash Sharma,Suyash Sharma
p0365,Morne Morkel,M Morkel
p0366,Joe Denly,JL Denly
p0367,Andre Russell,AD Russell
p0368,Moeen Ali,MM Ali
p0369,Parvinder Awana,P Awana
p0370,Azmatullah Omarzai,Azmatullah Omarzai
p0371,Jasprit Bumrah,JJ Bumrah
p0372,Varun Aaron,VR Aaron
p0373,Tymal Mills,TS Mills
p0374,Gautam Gambhir,G Gambhir
p0375,Saurabh Tiwary,SS Tiwary
p0376,Vaibhav Suryavanshi,V Suryavanshi
p0377,Shahbaz Ahmed,Shahbaz Ahmed
p0378,T. Natarajan,T Natarajan
p0379,Mitchell Marsh,MR Marsh
p0380,Yash Dhull,YV Dhull
p0381,Sean Abbott,SA Abbott
p0382,Shane Watson,SR Watson
p0383,Prerak Mankad,PN Mankad
p0384,Sachithra Senanayake,SMSM Senanayake
p0385,Jake Fraser-McGurk,J Fraser-McGurk
p0386,Ben Dwarshuis,BJ Dwarshuis
p0387,Rishi Dhawan,R Dhawan
p0388,Rahul Tripathi,RA Tripathi
p0389,Ashish Nehra,A Nehra
p0390,Bipul Sharma,Bipul Sharma
p0391,Abhijeet Tomar,A Tomar
p0392,Ben Stokes,BA Stokes
p0393,Gurjapneet Singh,Gurjapneet Singh
p0394,Kunal Rathore,KS Rathore
p0395,Jayant Yadav,J Yadav
p0396,Colin de Grandhomme,C de Grandhomme
p0397,Sudhesan Midhun,S Midhun
p0398,Mukesh Kumar,Mukesh Kumar
p0399,Spencer Johnson,SH Johnson
p0400,Krunal Pandya,KH Pandya
p0401,Mohsin Khan,Mohsin Khan
p0402,Mujeeb Ur Rahman,Mujeeb Ur Rahman
p0403,Ryan Rickelton,RD Rickelton
p0404,Lalit Yadav,Lalit Yadav
p0405,Ben Cutting,BCJ Cutting
p0406,Sarabjit Ladda,S Ladda
p0407,Trent Boult,TA Boult
p0408,Nicholas Pooran,N Pooran
p0409,Debabrata Das,DB Das
p0410,Mayank Agarwal,MA Agarwal
p0411,Riyan Parag,R Parag
p0412,Abdul Basith,Abdul Basith
p0413,Beuran Hendricks,BE Hendricks
p0414,Sandeep Lamichhane,S Lamichhane
p0415,Vignesh Puthur,V Puthur
p0416,Shivam Dube,S Dube
p0417,Raghav Goyal,R Goyal
p0418,Shikhar Dhawan,S Dhawan
p0419,Munaf Patel,MM Patel
p0420,Murali Kartik,M Kartik
p0421,Mark Wood,MA Wood
p0422,Jean-Paul Duminy,JP Duminy
p0423,Tanmay Mishra,T Mishra
p0424,Dirk Nannes,DP Nannes
p0425,Pankaj Singh,Pankaj Singh
p0426,Tirumalasetti Suman,TL Suman
p0427,Priyansh Arya,Priyansh Arya
p0428,Kane Richardson,KW Richardson
p0429,Ronit More,RG More
p0430,Shahbaz Nadeem,S Nadeem
p0431,Nuwan Thushara,N Thushara
p0432,Naman Dhir,Naman Dhir
p0433,Yuvraj Singh,Yuvraj Singh
p0434,Aniket Choudhary,A Choudhary
p0435,Ankit Bawne,AR Bawne
p0436,Dawid Malan,DJ Malan
p0437,Kyle Abbott,KJ Abbott
p0438,Adam Milne,AF Milne
p0439,Tristan Stubbs,T Stubbs
p0440,Akeal Hosein,AJ Hosein
p0441,Virat Kohli,V Kohli
p0442,Chris Morris,CH Morris
p0443,Umran Malik,Umran Malik
p0444,Daryl Mitchell,DJ Mitchell
p0445,Murugan Ashwin,M Ashwin
p0446,David Warner,DA Warner
p0447,Pravin Tambe,PV Tambe
p0448,Piyush Chawla,PP Chawla
p0449,Shadab Jakati,SB Jakati
p0450,Parthiv Patel,PA Patel
p0451,Alex Hales,AD Hales
p0452,Abhinandan Singh,Abhinandan Singh
p0453,Shahrukh Khan,SN Khan
p0454,Kagiso Rabada,K Rabada
p0455,Jonny Bairstow,JM Bairstow
p0456,Abhinav Manohar,A Manohar
p0457,Nehal Wadhera,N Wadhera
p0458,Ashwani Kumar,Ashwani Kumar
p0459,Irfan Pathan,IK Pathan
p0460,Ankit Rajpoot,AS Rajpoot
p0461,Abu Nechim Ahmed,AN Ahmed
p0462,Dan Christian,DT Christian
p0463,Sagar Trivedi,SK Trivedi
p0464,Arshdeep Singh,Arshdeep Singh
p0465,Anshul Kamboj,A Kamboj
p0466,Dinesh Salunkhe,D Salunkhe
p0467,Sheldon Jackson,SP Jackson
p0468,Manimaran Siddharth,M Siddharth
p0469,Alex Carey,AT Carey
p0470,Rajat Patidar,RM Patidar
p0471,KM Asif,KM Asif
p0472,Sameer Rizvi,Sameer Rizvi
p0473,Karim Janat,Karim Janat
p0474,Nishant Sindhu,N Sindhu
p0475,Anrich Nortje,A Nortje
p0476,Andrew Tye,AJ Tye
p0477,Vaibhav Arora,VG Arora
p0478,Nikhil Naik,NS Naik
p0479,Kane Williamson,KS Williamson
p0480,Raj Bawa,RA Bawa
p0481,Will Jacks,WG Jacks
p0482,Jhye Richardson,JA Richardson
p0483,Nathan Ellis,NT Ellis
p0484,Monu Kumar,Monu Kumar
p0485,James Faulkner,JP Faulkner
p0486,Tim Southee,TG Southee
p0487,Zaheer Khan,Z Khan
p0488,Shaik Rasheed,SK Rasheed
p0489,Sachin Rana,S Rana
p0490,Rahmanullah Gurbaz,Rahmanullah Gurbaz
p0491,Sandeep Warrier,S Sandeep Warrier
p0492,Mahipal Lomror,MK Lomror
p0493,Deepak Hooda,DJ Hooda
p0494,David Wiese,D Wiese
p0495,Lukman Hussain Meriwala,LI Meriwala
p0496,Manoj Tiwary,MK Tiwary
p0497,Darren Sammy,DJG Sammy
p0498,Laxmi Ratan Shukla,LR Shukla
p0499,Michael Clarke,MJ Clarke
p0500,Ansh Patel,AR Patel
p0501,Kunal Singh Rathore,KS Rathore
p0502,Manav Suthar,MJ Suthar
p0503,Shreevats Goswami,SP Goswami
p0504,Prashant Solanki,PH Solanki
p0505,Ashutosh Sharma,Ashutosh Sharma
p0506,Josh Inglis,JP Inglis
p0507,Pardeep Sahu,P Sahu
p0508,Umesh Yadav,UT Yadav
p0509,KL Rahul,KL Rahul
p0510,Anmolpreet Singh,Anmolpreet Singh
p0511,Ajinkya Rahane,AM Rahane
p0512,Chris Woakes,CR Woakes
p0513,Prince Yadav,Prince Yadav
p0514,Donavon Ferreira,D Ferreira
p0515,Rachin Ravindra,R Ravindra
p0516,Ramesh Kumar,R Vinay Kumar
p0517,Tejas Baroka,Tejas Baroka
p0518,Duan Jansen,D Jansen
p0519,Dwayne Bravo,DJ Bravo
p0520,Darren Bravo,DM Bravo
p0521,Rinku Singh,RK Singh
p0522,Prabhsimran Singh,P Simran Singh
p0523,Prab Simran Singh,P Simran Singh
p0524,Aman Khan,Aman Hakim Khan
p0525,Kuldip Yadav,Kuldeep Yadav
p0526,Chris Green,CJ Green
p0527,Cameron Green,C Green
p0528,M. Shahrukh Khan,M Shahrukh Khan
p0529,Yalaka Venugopal Rao,Y Venugopal Rao
p0530,Rohit Sharma,RG Sharma
p0531,Veer Pratap Singh,V Pratap Singh
p0532,Shubham Dubey,SB Dubey
p0533,R. P. Singh,RP Singh
p0534,Praveen Kumar,P Kumar
p0535,Jitesh Sharma,JM Sharma
p0536,Ankit Nagendra Sharma,Ankit Sharma
p0537,Rahul Sharma,R Sharma
p0538,Karan Sharma,KS Sharma
p0539,Karn Sharma,KV Sharma
p0540,Fabian Allen,FA Allen
p0541,Finn Allen,FH Allen
