auction_name,match_type,candidates,chosen_cricsheet_name
Pratyush Singh,ambiguous,P Simran Singh; Pankaj Singh,
Anunay Singh,ambiguous,A Singh; Anirudh Singh; Akash Singh; Anureet Singh; Abhinandan Singh; Arshdeep Singh; Anmolpreet Singh,
Saurabh Kumar,ambiguous,Shivang Kumar; Sumit Kumar,
Harnoor Singh,ambiguous,Himmat Singh; Harpreet Singh; Harbhajan Singh; Harmeet Singh,
Manvanth Kumar,ambiguous,Mukesh Kumar; Monu Kumar,
Kshitiz Sharma,ambiguous,KV Sharma; KS Sharma; Kartik Sharma,
Saurabh Dubey,ambiguous,SB Dubey; SR Dubey,
Pratham Singh,ambiguous,P Simran Singh; Pankaj Singh,
Avinash Singh,ambiguous,A Singh; Anirudh Singh; Akash Singh; Anureet Singh; Abhinandan Singh; Arshdeep Singh; Anmolpreet Singh,
Milind Kumar,ambiguous,Mukesh Kumar; Monu Kumar,
Mohammed Arshad Khan,ambiguous,Musheer Khan; M Shahrukh Khan; Mohsin Khan,
Ravikumar Samarth,no_match,,
Akash Vasisht,no_match,,
Pankaj Jaiswal,no_match,,
Krishnan Shrijith,no_match,,
Aniruddha Joshi,no_match,,
Ankush Bains,no_match,,
Aneeshwar Gautam,no_match,,
C. Hari Nishanth,no_match,,
Ross Taylor,no_match,,
Rusty Theron,no_match,,
Wanindu Hasaranga,no_match,,
Sushant Marathe,no_match,,
Subhranshu Senapati,no_match,,
Shishir Bhavane,no_match,,
Chirag Suri,no_match,,
Kishore Kamath,no_match,,
Brendan Taylor,no_match,,
Utkarsh Singh,no_match,,
Ajantha Mendis,no_match,,
Srikar Bharat,no_match,,
Aryan Juyal,no_match,,
Prince Balwant Rai,no_match,,
B. Sai Sudharshan,no_match,,
Rahul Buddhi,no_match,,
Deepak Punia,no_match,,
HS Sharath,no_match,,
Shelley Shaurya,no_match,,
Rassie van der Dussen,no_match,,
Jeevan Mendis,no_match,,
Vikas Tokas,no_match,,
Samarth Vyas,no_match,,
Sai Kishore,no_match,,
Javon Searles,no_match,,
Phillip Hughes,no_match,,
Digvijay Deshmukh,no_match,,
Bhagath Varma,no_match,,
Mohammed Azharuddeen,no_match,,
Armaan Jaffer,no_match,,
Baba Aparajith,no_match,,
Jaydev Shah,no_match,,
Bevon Jacobs,no_match,,
Chezhian Harinishanth,no_match,,
Manjot Kalra,no_match,,
Vansh Bedi,no_match,,
Baltej Singh,no_match,,
Prasidh Krishna,no_match,,
Kamindu Mendis,no_match,,
Lasith Malinga,no_match,,
Umang Sharma,no_match,,
Writtick Chatterjee,no_match,,
Satyanarayana Raju,no_match,,
Brydon Carse,no_match,,
Ajay Mandal,no_match,,
Akhil Herwadkar,no_match,,
Sayan Sekhar Mondal,no_match,,
Manzoor Dar,no_match,,
KK Jiyas,no_match,,
Dushmantha Chameera,no_match,,
Iqbal Abdullah,no_match,,
Hardus Viljoen,no_match,,
Kusal Perera,no_match,,
Akshay Wakhare,no_match,,
M. D. Nidheesh,no_match,,
Abhinav Manohar Sadarangani,no_match,,
Dinesh Karthik,no_match,,
Apoorv Wankhade,no_match,,
Sayan Ghosh,no_match,,
Thisara Perera,no_match,,
Tajinder Singh,no_match,,
Bhanuka Rajapaksa,no_match,,
Prithvi Raj Yarra,no_match,,
Vicky Ostwal,no_match,,
Benny Howell,no_match,,
Cameron Delport,no_match,,
Vaibhav Rawal,no_match,,
Varun Chakravarthy,no_match,,
Harishankar Reddy,no_match,,
Aditya Garhwal,no_match,,
Shubham Ranjane,no_match,,
Digvesh Singh,no_match,,
Tajinder Singh Dhillon,no_match,,
Shubham Garhwal,no_match,,
Yogesh Golwalkar,no_match,,
Hanuma Vihari,no_match,,
Yudhvir Charak,no_match,,
Rasikh Salam Dar,no_match,,
Bandaru Ayyappa,no_match,,
Tanmay Agarwal,no_match,,
Agnivesh Ayachi,no_match,,
Aaron Hardie,no_match,,
Albie Morkel,no_match,,
Kanishk Seth,no_match,,
Mehdi Hasan,no_match,,
Zahir Khan Pakteen,no_match,,
Domnic Joseph,no_match,,
Apoorv Vijay Wankhade,no_match,,
Dominic Drakes,no_match,,
Pyla Avinash,no_match,,
Pavan Deshpande,no_match,,
Akshay Karnewar,no_match,,
Sharad Lumba,no_match,,
Harpreet Singh Bhatia,no_match,,
Vinay Kumar,no_match,,
Luvnith Sisodia,no_match,,
Swastik Chikara,no_match,,
Sai Sudharsan,no_match,,
Yudhvir Singh Charak,no_match,,
C Andre Siddarth,no_match,,
Milind Tandon,no_match,,
Ashwin Hebbar,no_match,,
Christopher Barnwell,no_match,,
K. Bhagath Varma,no_match,,
Joel Paris,no_match,,
Brad Hogg,no_match,,
Chaitanya Bishnoi,no_match,,
Chama Milind,no_match,,
Asela Gunaratne,no_match,,
Aryaman Birla,no_match,,
Bavanaka Sandeep,no_match,,
Mujeeb Zadran,no_match,,
Chamika Karunaratne,no_match,,
