player_name,year,team,base_price_cr,price_paid_cr,status
David Warner,2025,-,2.0,,unsold
Jonny Bairstow,2025,-,2.0,,unsold
Waqar Salamkheil,2025,-,0.75,,unsold
Yash Dhull,2025,-,0.3,,unsold
Anmolpreet Singh,2025,-,0.3,,unsold
Utkarsh Singh,2025,-,0.3,,unsold
Upendra Yadav,2025,-,0.3,,unsold
Kartik Tyagi,2025,-,0.3,,unsold
Piyush Chawla,2025,-,0.5,,unsold
Mayank Agarawal,2025,-,1.0,,unsold
Prithvi Shaw,2025,-,0.75,,unsold
Kane Williamson,2025,-,2.0,,unsold
Daryl Mitchell,2025,-,2.0,,unsold
Shardul Thakur,2025,-,2.0,,unsold
Srikar Bharat,2025,-,0.75,,unsold
Alex Carey,2025,-,1.0,,unsold
Shai Hope,2025,-,1.25,,unsold
Akeal Hosein,2025,-,1.5,,unsold
Keshav Maharaj,2025,-,0.75,,unsold
Mujeeb Ur Rahman,2025,-,2.0,,unsold
Adil Rashid,2025,-,2.0,,unsold
Vijayakanth Viyaskanth,2025,-,0.75,,unsold
Madhav Kaushik,2025,-,0.3,,unsold
Pukhraj Mann,2025,-,0.3,,unsold
Mayank Dagar,2025,-,0.3,,unsold
Aravelly Avanish,2025,-,0.3,,unsold
Harvik Desai,2025,-,0.3,,unsold
Sakib Hussain,2025,-,0.3,,unsold
Vidwath Kaverappa,2025,-,0.3,,unsold
Rajan Kumar,2025,-,0.3,,unsold
Prince Choudhary,2025,-,0.3,,unsold
Prashant Solanki,2025,-,0.3,,unsold
Jhathavedh Subramanyan,2025,-,0.3,,unsold
Finn Allen,2025,-,2.0,,unsold
Dewald Brevis,2025,-,0.75,,unsold
Ben Duckett,2025,-,2.0,,unsold
Josh Philippe,2025,-,0.75,,unsold
Mustafizur Rahman,2025,-,2.0,,unsold
Naveen-ul-Haq,2025,-,2.0,,unsold
Umesh Yadav,2025,-,2.0,,unsold
Rishad Hossain,2025,-,0.75,,unsold
Rishi Dhawan,2025,-,0.3,,unsold
Tanush Kotian,2025,-,0.3,,unsold
Shivam Singh,2025,-,0.3,,unsold
LR Chethan,2025,-,0.3,,unsold
Murugan Ashwin,2025,-,0.3,,unsold
Raghav Goyal,2025,-,0.3,,unsold
Bailapudi Yeswanth,2025,-,0.3,,unsold
Brandon King,2025,-,0.75,,unsold
Pathum Nissanka,2025,-,0.75,,unsold
Steven Smith,2025,-,2.0,,unsold
Gus Atkinson,2025,-,2.0,,unsold
Sikandar Raza,2025,-,1.25,,unsold
Tom Latham,2025,-,1.5,,unsold
Richard Gleeson,2025,-,0.75,,unsold
Alzarri Joseph,2025,-,2.0,,unsold
Luke Wood,2025,-,0.75,,unsold
Sachin Dhas,2025,-,0.3,,unsold
Leus du Plooy,2025,-,0.5,,unsold
Shivalik Sharma,2025,-,0.3,,unsold
Arpit Guleria,2025,-,0.3,,unsold
Sarfaraz Khan,2025,-,0.75,,unsold
Kyle Mayers,2025,-,1.5,,unsold
Matthew Short,2025,-,0.75,,unsold
Jason Behrendorff,2025,-,1.5,,unsold
Shivam Mavi,2025,-,0.75,,unsold
Navdeep Saini,2025,-,0.75,,unsold
Salman Nizar,2025,-,0.3,,unsold
Emanjot Singh Chahal,2025,-,0.3,,unsold
Divesh Sharma,2025,-,0.3,,unsold
Naman Tiwari,2025,-,0.3,,unsold
Michael Bracewell,2025,-,1.5,,unsold
Ottneil Baartman,2025,-,0.75,,unsold
Dilshan Madushanka,2025,-,0.75,,unsold
Adam Milne,2025,-,2.0,,unsold
William O’Rourke,2025,-,1.5,,unsold
Chetan Sakariya,2025,-,0.75,,unsold
Sandeep Warrier,2025,-,0.75,,unsold
Abdul Basith,2025,-,0.3,,unsold
Yuvraj Chaudhary,2025,LSG,0.3,,unsold
Tejasvi Dahiya,2025,-,0.3,,unsold
Lance Morris,2025,-,1.25,,unsold
Olly Stone,2025,-,0.75,,unsold
Raj Limbani,2025,-,0.3,,unsold
Shiva Singh,2025,-,0.3,,unsold
Anirudh Chowdhary,2025,-,0.3,,unsold
Dwaine Pretorius,2025,-,0.75,,unsold
Blessing Muzarabani,2025,-,0.75,,unsold
Brandon McMullen,2025,-,0.3,,unsold
Atit Sheth,2025,-,0.3,,unsold
Vijay Kumar,2025,-,0.3,,unsold
Roston Chase,2025,-,0.75,,unsold
Nathan Smith,2025,-,1.0,,unsold
Kyle Jamieson,2025,-,1.5,,unsold
Chris Jordan,2025,-,2.0,,unsold
Ripal Patel,2025,-,0.3,,unsold
Avinash Singh,2025,-,0.3,,unsold
Sanjay Yadav,2025,-,0.3,,unsold
Umang Kumar,2025,-,0.3,,unsold
Digvijay Deshmukh,2025,-,0.3,,unsold
Yash Dabas,2025,-,0.3,,unsold
Khrievitso Kense,2025,-,0.3,,unsold
Daryl Mitchell,2025,-,2.0,,unsold
